{
  "AUC-ROC": 0.8526144928824744,
  "AUC-PR": 0.2448259607820471,
  "F1": 0.018018018018018018,
  "Precision": 0.6,
  "Recall": 0.009146341463414634,
  "optimal_threshold": 0.21999999999999995
}