{
  "AUC-ROC": 0.8493520878404409,
  "AUC-PR": 0.2560697308760681,
  "F1": 0.321875,
  "Precision": 0.3301282051282051,
  "Recall": 0.31402439024390244,
  "FPR": 0.021162413932766303,
  "optimal_threshold": 0.1728506787330317
}