{
  "AUC-ROC": 0.8388775387981706,
  "AUC-PR": 0.1868339057365223,
  "F1": 0.28819875776397513,
  "Precision": 0.2431865828092243,
  "Recall": 0.35365853658536583,
  "FPR": 0.036553260429323615,
  "optimal_threshold": 0.11999999999999998
}